No,Keywords,Volume,Position,Est. Visits,Seo Difficulty,Ranking Url
1,home golf simulator,2400,6,29,32,http://homegolfsimulator.ca/
2,in home golf,260,2,25,39,http://homegolfsimulator.ca/
3,golf sim canada,390,5,5,23,http://homegolfsimulator.ca/
4,golf simulator installation,110,5,4,24,http://homegolfsimulator.ca/
5,golf simulators canada,320,5,4,24,http://homegolfsimulator.ca/
6,golf shed canada,90,9,2,21,http://homegolfsimulator.ca/photo-gallery%3A-garages
7,garage golf simulator,390,9,2,15,http://homegolfsimulator.ca/photo-gallery%3A-garages
8,golf simulator package,140,8,2,35,http://homegolfsimulator.ca/
9,golf simulator room size,70,18,2,19,http://homegolfsimulator.ca/blog/f/how-much-space-do-you-need-for-a-golf-simulator
10,golf simulator in house,2400,19,2,31,http://homegolfsimulator.ca/
11,golf simulator packages,140,9,2,27,http://homegolfsimulator.ca/
12,home golf sim,2400,15,2,31,http://homegolfsimulator.ca/
13,home golf simulators canada,320,11,2,27,http://homegolfsimulator.ca/
14,at home golf simulator canada,70,11,1,24,http://homegolfsimulator.ca/
15,golf simulator garage,70,11,1,28,http://homegolfsimulator.ca/photo-gallery%3A-garages
16,ceiling mounted launch monitor,70,19,1,12,http://homegolfsimulator.ca/launch-monitors
17,golf simulator for sale,590,15,1,29,http://homegolfsimulator.ca/
18,skytrak canada,320,12,1,14,http://homegolfsimulator.ca/
19,indoor golf simulator cost,590,15,1,33,http://homegolfsimulator.ca/
20,in home golf simulator,90,13,1,42,http://homegolfsimulator.ca/
21,garage golf simulator setup,70,7,1,15,http://homegolfsimulator.ca/photo-gallery%3A-garages
22,homegolf,720,12,1,25,http://homegolfsimulator.ca/
23,best home golf simulator,590,29,1,31,http://homegolfsimulator.ca/
24,garage sim,90,13,1,29,http://homegolfsimulator.ca/photo-gallery%3A-garages
25,carl's place canada,110,12,1,17,http://homegolfsimulator.ca/enclosures-and-screens
26,golf simulator build,90,18,1,37,http://homegolfsimulator.ca/
27,indoor golf simulators for sale,140,20,1,31,http://homegolfsimulator.ca/
28,basement golf simulator,140,15,1,14,http://homegolfsimulator.ca/photo-gallery%3A-basements
29,golf simulator ceiling height,70,8,1,14,http://homegolfsimulator.ca/blog/f/how-much-space-do-you-need-for-a-golf-simulator
30,golf simulator shed canada,70,16,1,17,http://homegolfsimulator.ca/photo-gallery%3A-garages
31,ceiling mount launch monitor,70,20,1,12,http://homegolfsimulator.ca/launch-monitors
32,golf simulator setup,170,18,1,37,http://homegolfsimulator.ca/
33,overhead golf launch monitor,70,47,0,12,http://homegolfsimulator.ca/launch-monitors
34,shed golf,170,37,0,13,http://homegolfsimulator.ca/photo-gallery%3A-garages
35,golf garage,70,34,0,43,http://homegolfsimulator.ca/photo-gallery%3A-garages
36,professional golf simulators,70,59,0,34,http://homegolfsimulator.ca/
37,golf simulator home price,70,31,0,25,http://homegolfsimulator.ca/
38,golf sim enclosure canada,140,26,0,26,http://homegolfsimulator.ca/enclosures-and-screens
39,hideaway golf simulator,110,33,0,12,http://homegolfsimulator.ca/
40,impact screen golf simulator,210,29,0,17,http://homegolfsimulator.ca/enclosures-and-screens
41,simulateur golf,880,76,0,12,http://homegolfsimulator.ca/
42,golf simulator dimensions,110,24,0,21,http://homegolfsimulator.ca/blog/f/how-much-space-do-you-need-for-a-golf-simulator
43,virtual golf simulators,170,56,0,23,http://homegolfsimulator.ca/
44,golf enclosure canada,70,23,0,10,http://homegolfsimulator.ca/enclosures-and-screens
45,portable golf launch monitors,880,59,0,23,http://homegolfsimulator.ca/launch-monitors
46,golf in simulator,140,38,0,27,http://homegolfsimulator.ca/
47,best golf simulator calgary,90,32,0,21,http://homegolfsimulator.ca/
48,uneekor launch monitor,90,28,0,17,http://homegolfsimulator.ca/launch-monitors-1
49,simulateur de golf maison prix,90,62,0,16,http://homegolfsimulator.ca/
50,golf daddy canada,590,38,0,23,http://homegolfsimulator.ca/
51,best home golf sim,590,31,0,31,http://homegolfsimulator.ca/
52,best indoor golf calgary,70,47,0,22,http://homegolfsimulator.ca/
53,mobile golf simulator,260,68,0,9,http://homegolfsimulator.ca/
54,home golf simulator cost,70,55,0,31,http://homegolfsimulator.ca/complete-packages
55,professional golf simulator,70,53,0,36,http://homegolfsimulator.ca/
56,golf at home,880,31,0,20,http://homegolfsimulator.ca/
57,overhead golf simulator,70,46,0,28,http://homegolfsimulator.ca/launch-monitors
58,how much do golf simulators cost,170,36,0,33,http://homegolfsimulator.ca/
59,indoor golf at home,140,25,0,21,http://homegolfsimulator.ca/
60,best golf simulator for home,590,25,0,31,http://homegolfsimulator.ca/
61,best golf sim calgary,90,26,0,23,http://homegolfsimulator.ca/
62,launch monitor,1000,44,0,14,http://homegolfsimulator.ca/launch-monitors-1
63,outdoor golf simulator,260,43,0,12,http://homegolfsimulator.ca/
64,home indoor golf simulator,140,81,0,28,http://homegolfsimulator.ca/components-1
65,golf enclosures,140,52,0,26,http://homegolfsimulator.ca/complete-packages
66,golf simulator brands,70,27,0,33,http://homegolfsimulator.ca/
67,buy golf simulator,210,17,0,31,http://homegolfsimulator.ca/
68,indoor golf home,140,30,0,34,http://homegolfsimulator.ca/
69,indoor golf launch monitor,70,36,0,27,http://homegolfsimulator.ca/launch-monitors-1
70,virtual golf calgary,320,47,0,25,http://homegolfsimulator.ca/
71,cheap launch monitor,110,27,0,18,http://homegolfsimulator.ca/launch-monitors
72,indoor golf launch monitors,70,30,0,27,http://homegolfsimulator.ca/launch-monitors-1
73,golf simulators for home use,70,20,0,34,http://homegolfsimulator.ca/
74,golf simulator price,590,37,0,32,http://homegolfsimulator.ca/
75,best indoor golf simulator,480,33,0,27,http://homegolfsimulator.ca/
76,golf simulators for rent,210,65,0,8,http://homegolfsimulator.ca/
77,golf simulator cost,590,35,0,33,http://homegolfsimulator.ca/
78,portable golf launch monitor,880,58,0,28,http://homegolfsimulator.ca/launch-monitors
79,golf sims calgary,170,26,0,25,http://homegolfsimulator.ca/
